Timestamp,Machine_ID,Process_Name,Temperature_C,Vibration_mm_s,Speed_RPM,Output_Units,Defects,Status
2026-08-17 19:01:32,M1,Turning,64.73,5.95,933,1,2,WARNING
2026-08-17 19:01:32,M2,Heat Treatment,71.66,0.3,0,1,0,RUNNING
2026-08-17 19:01:34,M2,Heat Treatment,74.31,0.68,0,1,0,RUNNING
2026-08-17 19:01:36,M3,Grinding & Honing,58.63,1.36,938,1,0,RUNNING
2026-08-17 19:01:39,M1,Turning,41.38,0.92,1191,1,0,RUNNING
2026-08-17 19:01:41,M5,Quality Inspection,43.3,0.28,488,1,0,RUNNING
2026-08-17 19:01:43,M6,Packaging,44.47,0.41,850,1,0,RUNNING
2026-08-17 19:01:45,M4,Assembly,62.14,0.42,699,1,0,RUNNING
2026-08-17 19:01:47,M1,Turning,40.62,1.01,1219,1,0,RUNNING
2026-08-17 19:01:49,M2,Heat Treatment,70.08,0.44,0,1,0,RUNNING
2026-08-17 19:01:51,M6,Packaging,46.65,0.48,845,1,0,RUNNING
2026-08-17 19:01:53,M4,Assembly,64.9,0.43,693,1,0,RUNNING
2026-08-17 19:01:56,M2,Heat Treatment,74.35,0.49,0,1,0,RUNNING
2026-08-17 19:01:58,M2,Heat Treatment,70.2,0.54,0,1,0,RUNNING
2026-08-18 09:10:41,M6,Packaging,63.94,5.62,504,1,4,WARNING
2026-08-18 09:10:41,M1,Turning,64.45,5.17,807,1,2,WARNING
2026-08-18 09:10:43,M5,Quality Inspection,64.12,5.62,230,1,4,WARNING
2026-08-18 09:10:45,M1,Turning,41.45,0.76,1210,1,0,RUNNING
2026-08-18 09:10:47,M1,Turning,41.55,1.14,1187,1,0,RUNNING
2026-08-18 09:10:49,M1,Turning,41.32,0.67,1181,1,0,RUNNING
2026-08-18 09:10:51,M1,Turning,42.61,1.04,1195,1,0,RUNNING
2026-08-18 09:10:53,M1,Turning,40.55,0.74,1188,1,0,RUNNING
2026-08-18 09:10:56,M3,Grinding & Honing,58.82,1.35,966,1,0,RUNNING
2026-08-18 09:25:10,M2,Heat Treatment,73.79,0.27,0,1,0,RUNNING
2026-08-18 09:25:10,M2,Heat Treatment,70.1,0.39,0,1,0,RUNNING
2026-08-18 09:25:12,M2,Heat Treatment,70.51,0.37,0,1,0,RUNNING
2026-08-18 09:25:14,M2,Heat Treatment,72.36,0.54,0,1,0,RUNNING
2026-08-18 09:25:16,M6,Packaging,45.02,0.27,856,1,0,RUNNING
2026-08-18 09:25:18,M4,Assembly,62.63,0.45,707,1,0,RUNNING
2026-08-18 09:25:21,M6,Packaging,61.13,5.74,507,1,4,WARNING
2026-08-18 09:25:23,M1,Turning,40.85,0.91,1198,1,0,RUNNING
2026-08-18 09:25:25,M3,Grinding & Honing,81.26,5.64,616,1,2,WARNING
2026-08-18 09:25:27,M2,Heat Treatment,89.78,5.37,0,1,4,WARNING
2026-08-18 09:25:29,M1,Turning,62.31,6.48,934,1,3,WARNING
2026-08-18 09:25:31,M5,Quality Inspection,46.42,0.43,492,1,0,RUNNING
2026-08-18 09:25:34,M5,Quality Inspection,46.6,0.2,502,1,0,RUNNING
2026-08-18 09:25:36,M5,Quality Inspection,46.39,0.26,513,1,0,RUNNING
2026-08-18 09:25:38,M1,Turning,40.6,0.72,1201,1,0,RUNNING
2026-08-18 09:25:40,M3,Grinding & Honing,56.73,1.46,967,1,0,RUNNING
2026-08-18 09:25:42,M1,Turning,62.85,6.62,861,1,3,WARNING
2026-08-18 09:25:44,M5,Quality Inspection,43.4,0.27,495,1,0,RUNNING
2026-08-18 09:25:46,M1,Turning,43.22,0.94,1184,1,0,RUNNING
2026-08-18 09:25:49,M6,Packaging,45.97,0.57,836,1,0,RUNNING
2026-08-18 09:25:51,M6,Packaging,47.48,0.27,850,1,0,RUNNING
2026-08-18 09:25:53,M4,Assembly,64.79,0.75,698,1,0,RUNNING
2026-08-18 09:25:55,M3,Grinding & Honing,81.81,5.01,683,1,2,WARNING
2026-08-18 09:25:57,M4,Assembly,62.78,0.39,696,1,0,RUNNING
2026-08-18 09:25:59,M5,Quality Inspection,69.06,4.92,181,1,1,WARNING
2026-08-18 09:26:01,M5,Quality Inspection,47.02,0.55,498,1,0,RUNNING
2026-08-18 09:26:03,M6,Packaging,45.74,0.55,846,1,0,RUNNING
2026-08-18 09:26:06,M5,Quality Inspection,47.52,0.53,510,1,0,RUNNING
2026-08-18 09:26:08,M2,Heat Treatment,95.3,6.28,0,1,3,WARNING
2026-08-18 09:26:10,M5,Quality Inspection,47.89,0.32,500,1,0,RUNNING
2026-08-18 09:26:12,M5,Quality Inspection,45.34,0.63,497,1,0,RUNNING
2026-08-18 09:26:14,M5,Quality Inspection,47.95,0.54,485,1,0,RUNNING
2026-08-18 09:26:16,M3,Grinding & Honing,59.01,1.42,948,1,0,RUNNING
2026-08-18 09:26:18,M6,Packaging,44.34,0.2,830,1,0,RUNNING
2026-08-18 09:26:20,M1,Turning,44.74,0.99,1201,1,0,RUNNING
2026-08-18 09:26:22,M5,Quality Inspection,47.76,0.57,520,1,0,RUNNING
2026-08-18 09:26:24,M3,Grinding & Honing,59.91,1.46,969,1,0,RUNNING
2026-08-18 09:26:27,M1,Turning,58.32,6.4,923,1,2,WARNING
2026-08-18 09:26:29,M6,Packaging,46.24,0.19,869,1,0,RUNNING
2026-08-18 09:26:31,M5,Quality Inspection,46.51,0.46,519,1,0,RUNNING
2026-08-18 09:26:33,M1,Turning,44.41,0.74,1210,1,0,RUNNING
2026-08-18 09:26:35,M4,Assembly,81.69,3.8,302,1,2,WARNING
2026-08-18 09:26:37,M6,Packaging,46.11,0.47,851,1,0,RUNNING
2026-08-18 09:26:39,M3,Grinding & Honing,59.18,1.53,947,1,0,RUNNING
2026-08-18 09:26:41,M3,Grinding & Honing,56.75,1.65,948,1,0,RUNNING
2026-08-18 09:26:44,M4,Assembly,82.99,5.85,421,1,3,WARNING
2026-08-18 09:26:46,M5,Quality Inspection,44.6,0.35,502,1,0,RUNNING
2026-08-18 09:26:48,M5,Quality Inspection,47.81,0.63,499,1,0,RUNNING
2026-08-18 09:26:50,M2,Heat Treatment,74.06,0.58,0,1,0,RUNNING
2026-08-18 09:26:52,M2,Heat Treatment,74.37,0.37,0,1,0,RUNNING
2026-08-18 09:26:54,M5,Quality Inspection,60.42,3.86,267,1,3,WARNING
2026-08-18 09:26:57,M1,Turning,42.09,1.13,1217,1,0,RUNNING
2026-08-18 09:26:59,M2,Heat Treatment,71.33,0.47,0,1,0,RUNNING
2026-08-18 09:27:01,M2,Heat Treatment,70.5,0.44,0,1,0,RUNNING
2026-08-18 09:27:03,M1,Turning,41.2,1.0,1189,1,0,RUNNING
2026-08-18 09:27:05,M2,Heat Treatment,71.57,0.53,0,1,0,RUNNING
2026-08-18 09:27:07,M6,Packaging,44.89,0.56,860,1,0,RUNNING
2026-08-18 09:27:09,M3,Grinding & Honing,56.79,1.71,935,1,0,RUNNING
2026-08-18 09:27:11,M1,Turning,40.67,0.95,1208,1,0,RUNNING
2026-08-18 09:27:14,M3,Grinding & Honing,58.47,1.52,947,1,0,RUNNING
2026-08-18 09:27:16,M6,Packaging,47.87,0.45,864,1,0,RUNNING
2026-08-18 09:27:18,M4,Assembly,61.71,0.81,681,1,0,RUNNING
2026-08-18 09:27:20,M1,Turning,41.56,0.96,1207,1,0,RUNNING
2026-08-18 09:27:22,M6,Packaging,47.74,0.44,863,1,0,RUNNING
2026-08-18 09:27:24,M5,Quality Inspection,67.18,5.74,160,1,3,WARNING
2026-08-18 09:27:26,M4,Assembly,60.98,0.35,694,1,0,RUNNING
2026-08-18 09:27:29,M2,Heat Treatment,70.75,0.5,0,1,0,RUNNING
2026-08-18 09:27:31,M6,Packaging,43.4,0.53,837,1,0,RUNNING
2026-08-18 09:27:33,M4,Assembly,60.73,0.58,690,1,0,RUNNING
2026-08-18 09:27:35,M6,Packaging,46.44,0.37,848,1,0,RUNNING
2026-08-18 09:27:37,M2,Heat Treatment,70.99,0.47,0,1,0,RUNNING
2026-08-18 09:27:39,M5,Quality Inspection,46.53,0.17,509,1,0,RUNNING
2026-08-18 09:27:41,M6,Packaging,43.99,0.47,846,1,0,RUNNING
2026-08-18 09:27:44,M3,Grinding & Honing,79.53,6.03,568,1,2,WARNING
2026-08-18 09:27:46,M2,Heat Treatment,74.62,0.65,0,1,0,RUNNING
2026-08-18 09:27:48,M5,Quality Inspection,45.54,0.17,510,1,0,RUNNING
2026-08-18 09:27:50,M3,Grinding & Honing,56.33,1.46,940,1,0,RUNNING
2026-08-18 09:27:52,M3,Grinding & Honing,74.86,6.86,742,1,3,WARNING
2026-08-18 09:27:55,M3,Grinding & Honing,60.03,1.76,931,1,0,RUNNING
2026-08-18 09:27:57,M2,Heat Treatment,71.81,0.54,0,1,0,RUNNING
2026-08-18 09:27:59,M4,Assembly,63.95,0.47,709,1,0,RUNNING
2026-08-18 09:28:01,M2,Heat Treatment,70.19,0.32,0,1,0,RUNNING
2026-08-18 09:28:03,M1,Turning,66.98,5.87,932,1,1,WARNING
2026-08-18 09:28:05,M6,Packaging,43.25,0.55,844,1,0,RUNNING
2026-08-18 09:28:08,M3,Grinding & Honing,57.37,1.4,964,1,0,RUNNING
2026-08-18 09:28:10,M1,Turning,40.32,0.79,1195,1,0,RUNNING
2026-08-18 09:28:12,M2,Heat Treatment,94.66,3.75,0,1,4,WARNING
2026-08-18 09:28:14,M1,Turning,43.61,1.09,1192,1,0,RUNNING
2026-08-18 09:28:16,M4,Assembly,61.65,0.61,717,1,0,RUNNING
2026-08-18 09:28:18,M3,Grinding & Honing,60.28,1.35,963,1,0,RUNNING
2026-08-18 09:28:21,M5,Quality Inspection,46.7,0.57,513,1,0,RUNNING
2026-08-18 09:28:23,M6,Packaging,68.07,4.61,478,1,4,WARNING
2026-08-18 09:28:25,M4,Assembly,62.98,0.43,681,1,0,RUNNING
2026-08-18 09:28:27,M5,Quality Inspection,63.54,5.89,276,1,2,WARNING
2026-08-18 09:28:29,M1,Turning,43.9,0.96,1189,1,0,RUNNING
2026-08-18 09:28:31,M5,Quality Inspection,62.91,6.02,145,1,1,WARNING
2026-08-18 09:28:34,M3,Grinding & Honing,60.05,1.52,950,1,0,RUNNING
2026-08-18 09:28:36,M5,Quality Inspection,61.32,6.05,163,1,2,WARNING
2026-08-18 09:28:38,M4,Assembly,62.31,0.68,685,1,0,RUNNING
2026-08-18 09:28:40,M4,Assembly,81.81,5.71,467,1,4,WARNING
2026-08-18 09:28:42,M6,Packaging,44.72,0.6,842,1,0,RUNNING
2026-08-18 09:28:45,M4,Assembly,60.48,0.8,699,1,0,RUNNING
2026-08-18 09:28:47,M5,Quality Inspection,47.51,0.44,506,1,0,RUNNING
2026-08-18 09:28:49,M3,Grinding & Honing,82.79,5.26,570,1,4,WARNING
2026-08-18 09:28:51,M6,Packaging,47.98,0.18,854,1,0,RUNNING
2026-08-18 09:28:53,M3,Grinding & Honing,56.61,1.75,942,1,0,RUNNING
2026-08-18 09:28:55,M4,Assembly,61.51,0.78,681,1,0,RUNNING
2026-08-18 09:28:58,M2,Heat Treatment,73.19,0.49,0,1,0,RUNNING
2026-08-18 09:29:00,M2,Heat Treatment,94.18,5.62,0,1,1,WARNING
2026-08-18 09:29:02,M3,Grinding & Honing,60.0,1.36,969,1,0,RUNNING
2026-08-18 09:29:04,M3,Grinding & Honing,78.38,6.79,689,1,4,WARNING
2026-08-18 09:29:06,M4,Assembly,63.02,0.81,708,1,0,RUNNING
2026-08-18 09:29:09,M3,Grinding & Honing,58.8,1.57,950,1,0,RUNNING
2026-08-18 09:29:11,M6,Packaging,46.96,0.35,854,1,0,RUNNING
2026-08-18 09:29:13,M5,Quality Inspection,47.22,0.36,493,1,0,RUNNING
2026-08-18 09:29:15,M3,Grinding & Honing,57.78,1.8,958,1,0,RUNNING
2026-08-18 09:29:17,M3,Grinding & Honing,58.12,1.77,951,1,0,RUNNING
2026-08-18 09:29:19,M1,Turning,43.66,0.66,1219,1,0,RUNNING
2026-08-18 09:29:22,M1,Turning,41.14,1.08,1200,1,0,RUNNING
2026-08-18 09:29:24,M3,Grinding & Honing,57.87,1.81,966,1,0,RUNNING
2026-08-18 09:29:26,M6,Packaging,44.41,0.3,856,1,0,RUNNING
2026-08-18 09:29:28,M3,Grinding & Honing,60.86,1.8,951,1,0,RUNNING
2026-08-18 09:29:30,M1,Turning,44.37,0.97,1206,1,0,RUNNING
2026-08-18 09:29:32,M2,Heat Treatment,72.57,0.59,0,1,0,RUNNING
2026-08-18 09:29:35,M1,Turning,43.22,0.83,1180,1,0,RUNNING
2026-08-18 09:29:37,M3,Grinding & Honing,59.82,1.39,956,1,0,RUNNING
2026-08-18 09:29:39,M5,Quality Inspection,64.36,3.98,299,1,4,WARNING
2026-08-18 09:29:41,M4,Assembly,61.19,0.56,695,1,0,RUNNING
2026-08-18 09:29:43,M5,Quality Inspection,68.05,3.87,187,1,3,WARNING
2026-08-18 09:29:46,M6,Packaging,46.7,0.2,854,1,0,RUNNING
2026-08-18 09:29:48,M3,Grinding & Honing,77.75,7.28,570,1,1,WARNING
2026-08-18 09:29:50,M3,Grinding & Honing,59.76,1.47,970,1,0,RUNNING
2026-08-18 09:29:52,M2,Heat Treatment,71.61,0.61,0,1,0,RUNNING
2026-08-18 09:29:54,M1,Turning,41.91,1.12,1189,1,0,RUNNING
2026-08-18 09:29:57,M4,Assembly,81.6,4.84,492,1,4,WARNING
2026-08-18 09:29:59,M6,Packaging,67.5,3.72,556,1,1,WARNING
2026-08-18 09:30:01,M2,Heat Treatment,73.58,0.41,0,1,0,RUNNING
2026-08-18 09:30:03,M3,Grinding & Honing,56.52,1.43,941,1,0,RUNNING
2026-08-18 09:30:05,M6,Packaging,46.69,0.46,848,1,0,RUNNING
2026-08-18 09:30:07,M6,Packaging,44.45,0.34,852,1,0,RUNNING
2026-08-18 09:30:10,M2,Heat Treatment,90.56,6.15,0,1,4,WARNING
2026-08-18 09:30:12,M3,Grinding & Honing,60.57,1.74,966,1,0,RUNNING
2026-08-18 09:30:14,M6,Packaging,46.53,0.61,842,1,0,RUNNING
2026-08-18 09:30:16,M5,Quality Inspection,43.72,0.42,499,1,0,RUNNING
2026-08-18 09:30:18,M2,Heat Treatment,70.17,0.71,0,1,0,RUNNING
2026-08-18 09:30:20,M1,Turning,41.29,1.11,1203,1,0,RUNNING
2026-08-18 09:30:22,M4,Assembly,61.03,0.78,712,1,0,RUNNING
2026-08-18 09:30:24,M2,Heat Treatment,73.31,0.53,0,1,0,RUNNING
2026-08-18 09:30:27,M5,Quality Inspection,46.92,0.17,514,1,0,RUNNING
2026-08-18 09:30:29,M2,Heat Treatment,71.78,0.47,0,1,0,RUNNING
2026-08-18 09:30:31,M1,Turning,41.56,1.0,1212,1,0,RUNNING
2026-08-18 09:30:33,M1,Turning,42.41,0.76,1216,1,0,RUNNING
2026-08-18 09:30:35,M6,Packaging,47.01,0.39,835,1,0,RUNNING
2026-08-18 09:30:37,M3,Grinding & Honing,76.84,7.34,743,1,3,WARNING
2026-08-18 09:30:39,M1,Turning,44.38,0.76,1188,1,0,RUNNING
2026-08-18 09:30:42,M3,Grinding & Honing,59.7,1.68,943,1,0,RUNNING
2026-08-18 09:30:44,M2,Heat Treatment,74.52,0.66,0,1,0,RUNNING
2026-08-18 09:30:46,M5,Quality Inspection,47.96,0.16,516,1,0,RUNNING
2026-08-18 09:30:48,M6,Packaging,47.86,0.38,866,1,0,RUNNING
2026-08-18 09:30:50,M3,Grinding & Honing,75.26,7.32,729,1,1,WARNING
2026-08-18 09:30:52,M5,Quality Inspection,47.73,0.62,502,1,0,RUNNING
2026-08-18 09:30:55,M1,Turning,44.73,0.97,1210,1,0,RUNNING
2026-08-18 09:30:57,M1,Turning,42.72,0.95,1188,1,0,RUNNING
2026-08-18 09:30:59,M6,Packaging,43.67,0.54,859,1,0,RUNNING
2026-08-18 09:31:01,M1,Turning,40.88,0.7,1181,1,0,RUNNING
2026-08-18 09:31:03,M2,Heat Treatment,72.62,0.4,0,1,0,RUNNING
2026-08-18 09:31:05,M6,Packaging,46.41,0.26,851,1,0,RUNNING
2026-08-18 09:31:08,M4,Assembly,61.87,0.69,681,1,0,RUNNING
2026-08-18 09:31:10,M5,Quality Inspection,44.56,0.31,499,1,0,RUNNING
2026-08-18 09:31:12,M3,Grinding & Honing,77.07,4.58,613,1,1,WARNING
2026-08-18 09:31:14,M5,Quality Inspection,46.78,0.41,516,1,0,RUNNING
2026-08-18 09:31:16,M5,Quality Inspection,44.11,0.33,515,1,0,RUNNING
2026-08-18 09:31:18,M4,Assembly,60.39,0.85,698,1,0,RUNNING
2026-08-18 09:31:21,M5,Quality Inspection,46.66,0.16,505,1,0,RUNNING
2026-08-18 09:31:23,M5,Quality Inspection,60.66,5.64,144,1,4,WARNING
2026-08-18 09:31:25,M5,Quality Inspection,44.77,0.56,516,1,0,RUNNING
2026-08-18 09:31:27,M4,Assembly,80.87,4.19,424,1,2,WARNING
2026-08-18 09:31:29,M2,Heat Treatment,91.27,5.59,0,1,3,WARNING
2026-08-18 09:31:31,M3,Grinding & Honing,60.87,1.7,965,1,0,RUNNING
2026-08-18 09:31:34,M5,Quality Inspection,45.39,0.43,491,1,0,RUNNING
2026-08-18 09:31:36,M6,Packaging,43.73,0.3,849,1,0,RUNNING
2026-08-18 09:31:38,M5,Quality Inspection,44.8,0.52,510,1,0,RUNNING
2026-08-18 09:31:40,M2,Heat Treatment,87.93,6.0,0,1,3,WARNING
2026-08-18 09:31:42,M3,Grinding & Honing,56.06,1.5,970,1,0,RUNNING
2026-08-18 09:31:44,M6,Packaging,47.53,0.22,832,1,0,RUNNING
2026-08-18 09:31:46,M4,Assembly,85.62,4.27,496,1,4,WARNING
2026-08-18 09:31:49,M4,Assembly,78.28,5.65,464,1,3,WARNING
2026-08-18 09:31:51,M3,Grinding & Honing,60.13,1.48,964,1,0,RUNNING
2026-08-18 09:31:53,M1,Turning,43.16,1.12,1190,1,0,RUNNING
2026-08-18 09:31:55,M4,Assembly,60.27,0.41,685,1,0,RUNNING
2026-08-18 09:31:57,M2,Heat Treatment,70.82,0.35,0,1,0,RUNNING
2026-08-18 09:31:59,M6,Packaging,43.69,0.21,865,1,0,RUNNING
2026-08-18 09:32:01,M4,Assembly,60.89,0.71,686,1,0,RUNNING
2026-08-18 09:32:04,M5,Quality Inspection,45.15,0.28,496,1,0,RUNNING
2026-08-18 09:32:06,M3,Grinding & Honing,60.98,1.43,930,1,0,RUNNING
2026-08-18 09:32:08,M6,Packaging,45.2,0.35,868,1,0,RUNNING
2026-08-18 09:32:10,M5,Quality Inspection,63.15,5.61,161,1,4,WARNING
2026-08-18 09:32:12,M6,Packaging,43.57,0.61,851,1,0,RUNNING
2026-08-18 09:32:14,M1,Turning,40.77,0.9,1208,1,0,RUNNING
2026-08-18 09:32:16,M2,Heat Treatment,70.51,0.68,0,1,0,RUNNING
2026-08-18 09:32:18,M1,Turning,40.52,0.99,1215,1,0,RUNNING
2026-08-18 09:32:20,M2,Heat Treatment,70.48,0.47,0,1,0,RUNNING
2026-08-18 09:32:23,M5,Quality Inspection,44.17,0.62,489,1,0,RUNNING
2026-08-18 09:32:25,M4,Assembly,62.65,0.44,684,1,0,RUNNING
2026-08-18 09:32:27,M1,Turning,41.82,0.74,1185,1,0,RUNNING
2026-08-18 09:32:29,M3,Grinding & Honing,59.46,1.59,957,1,0,RUNNING
2026-08-18 09:32:31,M2,Heat Treatment,70.6,0.7,0,1,0,RUNNING
2026-08-18 09:32:33,M3,Grinding & Honing,57.97,1.72,962,1,0,RUNNING
2026-08-18 09:32:35,M6,Packaging,45.5,0.5,849,1,0,RUNNING
2026-08-18 09:32:37,M3,Grinding & Honing,57.89,1.84,950,1,0,RUNNING
2026-08-18 09:32:40,M4,Assembly,64.42,0.51,703,1,0,RUNNING
2026-08-18 09:32:42,M3,Grinding & Honing,77.67,7.1,663,1,2,WARNING
2026-08-18 09:32:44,M4,Assembly,61.75,0.66,684,1,0,RUNNING
2026-08-18 09:32:46,M3,Grinding & Honing,57.84,1.48,933,1,0,RUNNING
2026-08-18 09:32:48,M3,Grinding & Honing,60.52,1.8,939,1,0,RUNNING
2026-08-18 09:32:50,M6,Packaging,47.6,0.62,832,1,0,RUNNING
2026-08-18 09:32:52,M4,Assembly,60.72,0.81,699,1,0,RUNNING
2026-08-18 09:32:54,M2,Heat Treatment,74.47,0.28,0,1,0,RUNNING
2026-08-18 09:32:56,M2,Heat Treatment,73.47,0.36,0,1,0,RUNNING
2026-08-18 09:32:59,M5,Quality Inspection,43.9,0.56,518,1,0,RUNNING
2026-08-18 09:33:01,M1,Turning,42.19,0.71,1184,1,0,RUNNING
2026-08-18 09:33:03,M6,Packaging,46.74,0.43,837,1,0,RUNNING
2026-08-18 09:33:05,M3,Grinding & Honing,76.96,7.25,712,1,4,WARNING
2026-08-18 09:33:07,M1,Turning,40.05,0.92,1191,1,0,RUNNING
2026-08-18 09:33:09,M1,Turning,43.83,1.08,1217,1,0,RUNNING
2026-08-18 09:33:11,M6,Packaging,47.98,0.24,837,1,0,RUNNING
2026-08-18 09:33:13,M6,Packaging,47.57,0.61,832,1,0,RUNNING
2026-08-18 09:33:15,M6,Packaging,45.61,0.51,835,1,0,RUNNING
2026-08-18 09:33:18,M4,Assembly,64.64,0.8,695,1,0,RUNNING
2026-08-18 09:33:20,M4,Assembly,64.02,0.59,720,1,0,RUNNING
2026-08-18 09:33:22,M2,Heat Treatment,74.14,0.37,0,1,0,RUNNING
2026-08-18 09:33:24,M2,Heat Treatment,70.69,0.55,0,1,0,RUNNING
2026-08-18 09:33:26,M5,Quality Inspection,43.63,0.24,508,1,0,RUNNING
2026-08-18 09:33:28,M6,Packaging,46.14,0.41,843,1,0,RUNNING
2026-08-18 09:33:30,M4,Assembly,64.47,0.44,690,1,0,RUNNING
2026-08-18 09:33:32,M6,Packaging,44.17,0.58,854,1,0,RUNNING
2026-08-18 09:33:35,M3,Grinding & Honing,57.92,1.57,950,1,0,RUNNING
2026-08-18 09:33:37,M1,Turning,44.23,1.01,1210,1,0,RUNNING
2026-08-18 09:33:39,M2,Heat Treatment,74.25,0.65,0,1,0,RUNNING
2026-08-18 09:33:41,M6,Packaging,67.16,3.84,543,1,1,WARNING
2026-08-18 09:33:43,M5,Quality Inspection,69.44,4.38,166,1,4,WARNING
2026-08-18 09:33:45,M2,Heat Treatment,73.64,0.56,0,1,0,RUNNING
2026-08-18 09:33:47,M3,Grinding & Honing,60.11,1.51,969,1,0,RUNNING
2026-08-18 09:33:49,M6,Packaging,46.77,0.64,865,1,0,RUNNING
2026-08-18 09:33:51,M1,Turning,41.22,0.99,1203,1,0,RUNNING
2026-08-18 09:33:54,M1,Turning,40.41,0.91,1202,1,0,RUNNING
2026-08-18 09:33:56,M1,Turning,44.55,0.67,1190,1,0,RUNNING
2026-08-18 09:33:58,M3,Grinding & Honing,57.04,1.63,951,1,0,RUNNING
2026-08-18 09:34:00,M2,Heat Treatment,71.71,0.41,0,1,0,RUNNING
2026-08-18 09:34:02,M2,Heat Treatment,71.68,0.43,0,1,0,RUNNING
2026-08-18 09:34:04,M5,Quality Inspection,45.71,0.33,510,1,0,RUNNING
2026-08-18 09:34:06,M1,Turning,42.54,0.96,1206,1,0,RUNNING
2026-08-18 09:34:08,M5,Quality Inspection,46.01,0.58,520,1,0,RUNNING
2026-08-18 09:34:11,M3,Grinding & Honing,59.13,1.74,941,1,0,RUNNING
2026-08-18 09:34:13,M4,Assembly,64.18,0.54,707,1,0,RUNNING
2026-08-18 09:34:15,M4,Assembly,61.31,0.42,686,1,0,RUNNING
2026-08-18 09:34:17,M6,Packaging,47.18,0.49,855,1,0,RUNNING
2026-08-18 09:34:19,M4,Assembly,84.84,5.17,493,1,3,WARNING
2026-08-18 09:34:21,M5,Quality Inspection,65.98,3.84,101,1,4,WARNING
2026-08-18 09:34:23,M3,Grinding & Honing,56.29,1.74,939,1,0,RUNNING
2026-08-18 09:34:26,M6,Packaging,47.98,0.16,842,1,0,RUNNING
2026-08-18 09:34:28,M3,Grinding & Honing,58.17,1.49,930,1,0,RUNNING
2026-08-18 09:34:30,M4,Assembly,83.12,4.09,420,1,1,WARNING
2026-08-18 09:34:32,M5,Quality Inspection,45.8,0.44,515,1,0,RUNNING
2026-08-18 09:34:34,M1,Turning,42.24,1.06,1201,1,0,RUNNING
2026-08-18 09:34:37,M2,Heat Treatment,70.61,0.45,0,1,0,RUNNING
2026-08-18 09:34:39,M6,Packaging,69.93,6.07,608,1,2,WARNING
2026-08-18 09:34:41,M6,Packaging,47.0,0.58,843,1,0,RUNNING
2026-08-18 09:34:43,M2,Heat Treatment,72.16,0.66,0,1,0,RUNNING
2026-08-18 09:34:45,M4,Assembly,64.36,0.51,691,1,0,RUNNING
2026-08-18 09:34:47,M2,Heat Treatment,73.3,0.6,0,1,0,RUNNING
2026-08-18 09:34:49,M1,Turning,44.56,0.83,1187,1,0,RUNNING
2026-08-18 09:34:51,M1,Turning,40.04,0.96,1194,1,0,RUNNING
2026-08-18 09:34:53,M6,Packaging,47.58,0.17,837,1,0,RUNNING
2026-08-18 09:34:56,M1,Turning,43.99,0.79,1213,1,0,RUNNING
2026-08-18 09:34:58,M4,Assembly,61.1,0.47,686,1,0,RUNNING
2026-08-18 09:35:00,M6,Packaging,45.65,0.31,833,1,0,RUNNING
2026-08-18 09:35:02,M1,Turning,58.82,5.92,926,1,3,WARNING
2026-08-18 09:35:04,M2,Heat Treatment,73.33,0.6,0,1,0,RUNNING
2026-08-18 09:35:06,M3,Grinding & Honing,56.34,1.63,945,1,0,RUNNING
2026-08-18 09:35:09,M3,Grinding & Honing,56.44,1.83,967,1,0,RUNNING
2026-08-18 09:35:11,M1,Turning,44.58,1.14,1209,1,0,RUNNING
2026-08-18 09:35:13,M1,Turning,62.84,4.25,896,1,1,WARNING
2026-08-18 09:35:15,M3,Grinding & Honing,58.02,1.54,969,1,0,RUNNING
2026-08-18 09:35:17,M4,Assembly,61.37,0.75,692,1,0,RUNNING
2026-08-18 09:35:19,M5,Quality Inspection,47.24,0.5,492,1,0,RUNNING
2026-08-18 09:35:21,M2,Heat Treatment,70.45,0.55,0,1,0,RUNNING
2026-08-18 09:35:23,M5,Quality Inspection,45.84,0.53,492,1,0,RUNNING
2026-08-18 09:35:25,M6,Packaging,44.32,0.16,848,1,0,RUNNING
2026-08-18 09:35:28,M6,Packaging,46.44,0.56,854,1,0,RUNNING
2026-08-18 09:35:30,M2,Heat Treatment,74.73,0.31,0,1,0,RUNNING
2026-08-18 09:35:32,M2,Heat Treatment,71.39,0.35,0,1,0,RUNNING
2026-08-18 09:35:34,M5,Quality Inspection,45.13,0.62,481,1,0,RUNNING
2026-08-18 09:35:36,M4,Assembly,63.71,0.78,703,1,0,RUNNING
2026-08-18 09:35:38,M3,Grinding & Honing,60.21,1.52,965,1,0,RUNNING
2026-08-18 09:35:40,M2,Heat Treatment,93.65,5.87,0,1,4,WARNING
2026-08-18 09:35:42,M2,Heat Treatment,71.7,0.3,0,1,0,RUNNING
2026-08-18 09:35:45,M5,Quality Inspection,47.83,0.25,503,1,0,RUNNING
2026-08-18 09:35:47,M1,Turning,44.03,1.04,1207,1,0,RUNNING
2026-08-18 09:35:49,M5,Quality Inspection,46.23,0.63,502,1,0,RUNNING
2026-08-18 09:35:51,M4,Assembly,61.74,0.74,685,1,0,RUNNING
2026-08-18 09:35:53,M6,Packaging,68.78,5.42,522,1,4,WARNING
2026-08-18 09:35:55,M3,Grinding & Honing,56.54,1.5,941,1,0,RUNNING
2026-08-18 09:35:57,M6,Packaging,44.28,0.44,842,1,0,RUNNING
2026-08-18 09:35:59,M6,Packaging,47.18,0.48,858,1,0,RUNNING
2026-08-18 09:36:02,M5,Quality Inspection,66.53,4.51,198,1,3,WARNING
2026-08-18 09:36:04,M6,Packaging,67.25,5.48,501,1,2,WARNING
2026-08-18 09:36:06,M2,Heat Treatment,74.86,0.35,0,1,0,RUNNING
2026-08-18 09:36:08,M5,Quality Inspection,43.89,0.34,507,1,0,RUNNING
2026-08-18 09:36:10,M1,Turning,60.75,6.32,958,1,2,WARNING
2026-08-18 09:36:12,M1,Turning,42.96,0.74,1189,1,0,RUNNING
2026-08-18 09:36:14,M2,Heat Treatment,71.1,0.54,0,1,0,RUNNING
2026-08-18 09:36:17,M3,Grinding & Honing,80.61,7.17,737,1,1,WARNING
2026-08-18 09:36:19,M1,Turning,41.8,0.73,1183,1,0,RUNNING
2026-08-18 09:36:21,M6,Packaging,46.33,0.38,861,1,0,RUNNING
2026-08-18 09:36:23,M2,Heat Treatment,73.6,0.42,0,1,0,RUNNING
2026-08-18 09:36:25,M4,Assembly,61.67,0.51,686,1,0,RUNNING
2026-08-18 09:36:27,M4,Assembly,61.53,0.51,697,1,0,RUNNING
2026-08-18 09:36:29,M1,Turning,42.33,1.08,1198,1,0,RUNNING
2026-08-18 09:36:31,M1,Turning,42.76,1.11,1190,1,0,RUNNING
2026-08-18 09:36:34,M3,Grinding & Honing,58.28,1.38,953,1,0,RUNNING
2026-08-18 09:36:36,M2,Heat Treatment,73.92,0.72,0,1,0,RUNNING
2026-08-18 09:36:38,M4,Assembly,60.99,0.46,702,1,0,RUNNING
2026-08-18 09:36:40,M6,Packaging,43.31,0.33,841,1,0,RUNNING
2026-08-18 09:36:42,M5,Quality Inspection,45.99,0.48,481,1,0,RUNNING
2026-08-18 09:36:44,M5,Quality Inspection,46.79,0.25,481,1,0,RUNNING
2026-08-18 09:36:46,M1,Turning,43.33,0.78,1219,1,0,RUNNING
2026-08-18 09:36:48,M4,Assembly,60.84,0.7,712,1,0,RUNNING
2026-08-18 09:36:51,M3,Grinding & Honing,57.37,1.72,939,1,0,RUNNING
2026-08-18 09:36:53,M4,Assembly,62.8,0.76,689,1,0,RUNNING
2026-08-18 09:36:55,M3,Grinding & Honing,59.93,1.7,941,1,0,RUNNING
2026-08-18 09:36:57,M6,Packaging,47.75,0.16,857,1,0,RUNNING
2026-08-18 09:36:59,M3,Grinding & Honing,81.56,6.73,669,1,4,WARNING
2026-08-18 09:37:01,M1,Turning,44.88,0.96,1180,1,0,RUNNING
2026-08-18 09:37:03,M6,Packaging,65.96,3.6,634,1,2,WARNING
2026-08-18 09:37:06,M2,Heat Treatment,74.37,0.6,0,1,0,RUNNING
2026-08-18 09:37:08,M5,Quality Inspection,44.45,0.29,508,1,0,RUNNING
2026-08-18 09:37:10,M3,Grinding & Honing,57.06,1.7,935,1,0,RUNNING
2026-08-18 09:37:12,M5,Quality Inspection,62.21,3.41,134,1,3,WARNING
2026-08-18 09:37:14,M5,Quality Inspection,45.84,0.41,486,1,0,RUNNING
2026-08-18 09:37:16,M6,Packaging,44.75,0.27,865,1,0,RUNNING
2026-08-18 09:37:19,M1,Turning,41.7,0.93,1215,1,0,RUNNING
2026-08-18 09:37:21,M3,Grinding & Honing,57.25,1.36,955,1,0,RUNNING
2026-08-18 09:37:23,M2,Heat Treatment,70.99,0.63,0,1,0,RUNNING
2026-08-18 09:37:25,M6,Packaging,61.07,4.04,559,1,1,WARNING
2026-08-18 09:37:27,M6,Packaging,45.44,0.54,836,1,0,RUNNING
2026-08-18 09:37:29,M4,Assembly,63.5,0.68,683,1,0,RUNNING
2026-08-18 09:37:32,M3,Grinding & Honing,58.35,1.82,931,1,0,RUNNING
2026-08-18 09:37:34,M3,Grinding & Honing,60.01,1.73,967,1,0,RUNNING
2026-08-18 09:37:36,M1,Turning,59.17,3.81,821,1,1,WARNING
2026-08-18 09:37:38,M1,Turning,42.39,1.08,1181,1,0,RUNNING
2026-08-18 09:37:40,M4,Assembly,82.55,4.59,469,1,4,WARNING
2026-08-18 09:37:43,M1,Turning,43.13,0.77,1217,1,0,RUNNING
2026-08-18 09:37:45,M2,Heat Treatment,74.12,0.31,0,1,0,RUNNING
2026-08-18 09:37:47,M6,Packaging,68.66,5.65,580,1,3,WARNING
2026-08-18 09:37:49,M5,Quality Inspection,44.38,0.52,518,1,0,RUNNING
2026-08-18 09:37:51,M6,Packaging,47.31,0.36,869,1,0,RUNNING
2026-08-18 09:37:54,M5,Quality Inspection,46.06,0.26,516,1,0,RUNNING
2026-08-18 09:37:56,M2,Heat Treatment,91.52,6.09,0,1,2,WARNING
2026-08-18 09:37:58,M4,Assembly,85.5,6.44,411,1,1,WARNING
2026-08-18 09:38:00,M2,Heat Treatment,72.89,0.47,0,1,0,RUNNING
2026-08-18 09:38:02,M4,Assembly,61.24,0.72,702,1,0,RUNNING
2026-08-18 09:38:05,M1,Turning,43.53,1.1,1212,1,0,RUNNING
2026-08-18 09:38:07,M6,Packaging,47.23,0.52,868,1,0,RUNNING
2026-08-18 09:38:09,M3,Grinding & Honing,57.1,1.44,964,1,0,RUNNING
2026-08-18 09:38:11,M6,Packaging,45.84,0.44,842,1,0,RUNNING
2026-08-18 09:38:13,M2,Heat Treatment,73.51,0.45,0,1,0,RUNNING
2026-08-18 09:38:16,M6,Packaging,46.33,0.18,860,1,0,RUNNING
2026-08-18 09:38:18,M6,Packaging,46.27,0.52,870,1,0,RUNNING
2026-08-18 09:38:20,M3,Grinding & Honing,74.58,5.95,664,1,3,WARNING
2026-08-18 09:38:22,M2,Heat Treatment,71.65,0.56,0,1,0,RUNNING
2026-08-18 09:38:25,M4,Assembly,60.47,0.47,714,1,0,RUNNING
2026-08-18 09:38:27,M4,Assembly,83.79,5.05,408,1,4,WARNING
2026-08-18 09:38:29,M1,Turning,44.39,1.14,1215,1,0,RUNNING
2026-08-18 09:38:31,M4,Assembly,60.33,0.58,720,1,0,RUNNING
2026-08-18 09:38:33,M4,Assembly,60.82,0.56,697,1,0,RUNNING
2026-08-18 09:38:35,M6,Packaging,45.46,0.58,839,1,0,RUNNING
2026-08-18 09:38:38,M2,Heat Treatment,72.13,0.7,0,1,0,RUNNING
2026-08-18 09:38:40,M4,Assembly,61.3,0.78,682,1,0,RUNNING
2026-08-18 09:38:42,M2,Heat Treatment,70.59,0.3,0,1,0,RUNNING
2026-08-18 09:38:44,M1,Turning,42.74,0.76,1182,1,0,RUNNING
2026-08-18 09:38:46,M1,Turning,40.78,0.69,1204,1,0,RUNNING
2026-08-18 09:38:49,M6,Packaging,43.28,0.48,833,1,0,RUNNING
2026-08-18 09:38:51,M3,Grinding & Honing,77.73,4.87,694,1,3,WARNING
2026-08-18 09:38:53,M5,Quality Inspection,44.46,0.16,519,1,0,RUNNING
2026-08-18 09:38:55,M3,Grinding & Honing,60.75,1.42,964,1,0,RUNNING
2026-08-18 09:38:58,M6,Packaging,68.16,3.74,480,1,2,WARNING
2026-08-18 09:39:00,M3,Grinding & Honing,60.31,1.56,939,1,0,RUNNING
2026-08-18 09:39:02,M4,Assembly,81.97,4.8,398,1,2,WARNING
2026-08-18 09:39:04,M3,Grinding & Honing,73.4,5.63,664,1,4,WARNING
2026-08-18 09:39:07,M1,Turning,59.28,4.8,990,1,3,WARNING
2026-08-18 09:39:09,M3,Grinding & Honing,58.34,1.76,969,1,0,RUNNING
2026-08-18 09:39:11,M2,Heat Treatment,72.71,0.44,0,1,0,RUNNING
2026-08-18 09:39:13,M6,Packaging,47.96,0.48,856,1,0,RUNNING
2026-08-18 09:39:15,M2,Heat Treatment,72.09,0.75,0,1,0,RUNNING
2026-08-18 09:39:18,M2,Heat Treatment,73.36,0.31,0,1,0,RUNNING
2026-08-18 09:39:20,M3,Grinding & Honing,80.8,5.19,635,1,2,WARNING
2026-08-18 09:39:22,M6,Packaging,47.3,0.2,863,1,0,RUNNING
2026-08-18 09:39:24,M4,Assembly,61.44,0.83,697,1,0,RUNNING
2026-08-18 09:39:26,M1,Turning,58.17,5.52,907,1,4,WARNING
2026-08-18 09:39:29,M4,Assembly,62.83,0.54,690,1,0,RUNNING
2026-08-18 09:39:31,M6,Packaging,45.45,0.39,870,1,0,RUNNING
2026-08-18 09:39:33,M2,Heat Treatment,70.13,0.39,0,1,0,RUNNING
2026-08-18 09:39:35,M3,Grinding & Honing,58.84,1.65,930,1,0,RUNNING
2026-08-18 09:39:37,M2,Heat Treatment,71.71,0.33,0,1,0,RUNNING
2026-08-18 09:39:40,M2,Heat Treatment,73.39,0.68,0,1,0,RUNNING
2026-08-18 09:39:42,M2,Heat Treatment,72.29,0.38,0,1,0,RUNNING
2026-08-18 09:39:44,M2,Heat Treatment,71.64,0.53,0,1,0,RUNNING
2026-08-18 09:39:46,M6,Packaging,44.33,0.18,868,1,0,RUNNING
2026-08-18 09:39:48,M5,Quality Inspection,46.47,0.65,517,1,0,RUNNING
2026-08-18 09:39:51,M1,Turning,64.91,3.86,895,1,4,WARNING
2026-08-18 09:39:53,M4,Assembly,61.04,0.82,691,1,0,RUNNING
2026-08-18 09:39:55,M4,Assembly,83.87,3.58,475,1,3,WARNING
2026-08-18 09:39:57,M6,Packaging,45.65,0.35,836,1,0,RUNNING
2026-08-18 09:39:59,M2,Heat Treatment,73.44,0.61,0,1,0,RUNNING
2026-08-18 09:40:01,M6,Packaging,44.95,0.16,833,1,0,RUNNING
2026-08-18 09:40:04,M3,Grinding & Honing,56.39,1.64,958,1,0,RUNNING
2026-08-18 09:40:06,M5,Quality Inspection,43.1,0.52,518,1,0,RUNNING
2026-08-18 09:40:08,M6,Packaging,43.97,0.65,833,1,0,RUNNING
2026-08-18 09:40:10,M2,Heat Treatment,73.68,0.42,0,1,0,RUNNING
2026-08-18 09:40:12,M1,Turning,62.93,5.06,919,1,4,WARNING
2026-08-18 09:40:15,M3,Grinding & Honing,60.81,1.66,969,1,0,RUNNING
2026-08-18 09:40:17,M4,Assembly,60.96,0.65,693,1,0,RUNNING
2026-08-18 09:40:19,M2,Heat Treatment,73.57,0.46,0,1,0,RUNNING
2026-08-18 09:40:21,M3,Grinding & Honing,60.75,1.42,949,1,0,RUNNING
2026-08-18 09:40:24,M1,Turning,42.21,0.89,1201,1,0,RUNNING
2026-08-18 09:40:26,M2,Heat Treatment,74.98,0.71,0,1,0,RUNNING
2026-08-18 09:40:28,M1,Turning,43.65,1.05,1183,1,0,RUNNING
2026-08-18 09:40:30,M6,Packaging,64.93,3.83,480,1,2,WARNING
2026-08-18 09:40:32,M4,Assembly,64.33,0.7,687,1,0,RUNNING
2026-08-18 09:40:35,M5,Quality Inspection,47.45,0.47,480,1,0,RUNNING
2026-08-18 09:40:37,M4,Assembly,62.18,0.36,720,1,0,RUNNING
2026-08-18 09:40:39,M2,Heat Treatment,71.03,0.71,0,1,0,RUNNING
2026-08-18 09:40:41,M4,Assembly,63.2,0.7,711,1,0,RUNNING
2026-08-18 09:40:44,M3,Grinding & Honing,56.27,1.66,963,1,0,RUNNING
2026-08-18 09:40:46,M5,Quality Inspection,46.29,0.23,501,1,0,RUNNING
2026-08-18 09:40:48,M6,Packaging,61.25,4.83,553,1,2,WARNING
2026-08-18 09:40:50,M2,Heat Treatment,70.64,0.39,0,1,0,RUNNING
2026-08-18 09:40:52,M3,Grinding & Honing,60.15,1.4,962,1,0,RUNNING
2026-08-18 11:12:43,M6,Packaging,45.99,0.23,859,1,0,RUNNING
2026-08-18 11:12:43,M4,Assembly,62.43,0.78,712,1,0,RUNNING
2026-08-18 11:12:45,M3,Grinding & Honing,58.89,1.6,964,1,0,RUNNING
2026-08-18 11:12:47,M2,Heat Treatment,71.1,0.63,0,1,0,RUNNING
2026-08-18 11:12:50,M5,Quality Inspection,66.83,4.11,289,1,2,WARNING
2026-08-18 11:12:52,M4,Assembly,63.11,0.84,695,1,0,RUNNING
2026-08-18 11:16:37,M1,Turning,42.83,1.08,1196,1,0,RUNNING
2026-08-18 11:16:38,M2,Heat Treatment,70.79,0.32,0,1,0,RUNNING
2026-08-18 11:16:40,M6,Packaging,47.61,0.64,858,1,0,RUNNING
2026-08-18 11:16:42,M6,Packaging,47.0,0.47,861,1,0,RUNNING
2026-08-18 11:16:44,M2,Heat Treatment,71.04,0.3,0,1,0,RUNNING
2026-08-18 11:16:46,M5,Quality Inspection,63.67,3.92,122,1,1,WARNING
2026-08-18 11:16:49,M1,Turning,41.49,0.8,1202,1,0,RUNNING
2026-08-18 11:16:51,M3,Grinding & Honing,82.7,6.56,707,1,1,WARNING
2026-08-18 11:16:53,M5,Quality Inspection,63.2,4.47,103,1,2,WARNING
2026-08-18 11:16:55,M1,Turning,44.94,0.92,1183,1,0,RUNNING
2026-08-18 11:16:58,M5,Quality Inspection,67.25,3.83,116,1,4,WARNING
2026-08-18 11:17:00,M1,Turning,44.36,0.87,1208,1,0,RUNNING
2026-08-18 11:17:02,M6,Packaging,44.68,0.53,857,1,0,RUNNING
2026-08-18 11:17:04,M3,Grinding & Honing,59.93,1.84,964,1,0,RUNNING
2026-08-18 11:17:06,M5,Quality Inspection,65.8,4.01,175,1,2,WARNING
2026-08-18 11:17:09,M6,Packaging,45.81,0.42,867,1,0,RUNNING
2026-08-18 11:17:11,M2,Heat Treatment,71.91,0.69,0,1,0,RUNNING
2026-08-18 11:17:13,M2,Heat Treatment,89.37,3.84,0,1,1,WARNING
2026-08-18 11:17:15,M3,Grinding & Honing,79.77,7.04,718,1,4,WARNING
2026-08-18 11:17:18,M3,Grinding & Honing,56.6,1.62,966,1,0,RUNNING
2026-08-18 11:17:20,M4,Assembly,62.04,0.83,698,1,0,RUNNING
2026-08-18 11:17:22,M1,Turning,64.38,5.59,855,1,2,WARNING
2026-08-18 11:17:24,M5,Quality Inspection,45.01,0.28,496,1,0,RUNNING
2026-08-18 11:17:26,M1,Turning,59.69,4.03,896,1,4,WARNING
2026-08-18 11:17:29,M3,Grinding & Honing,58.43,1.83,955,1,0,RUNNING
2026-08-18 11:17:31,M4,Assembly,86.86,5.32,405,1,3,WARNING
2026-08-18 11:17:33,M1,Turning,40.32,0.7,1185,1,0,RUNNING
2026-08-18 11:17:35,M4,Assembly,62.26,0.68,708,1,0,RUNNING
2026-08-18 11:17:37,M6,Packaging,46.66,0.26,861,1,0,RUNNING
2026-08-18 11:17:40,M2,Heat Treatment,70.26,0.54,0,1,0,RUNNING
2026-08-18 11:17:42,M1,Turning,42.48,0.99,1202,1,0,RUNNING
2026-08-18 11:17:44,M6,Packaging,46.93,0.43,848,1,0,RUNNING
2026-08-18 11:17:46,M2,Heat Treatment,94.36,6.38,0,1,4,WARNING
2026-08-18 11:17:49,M1,Turning,44.74,0.98,1186,1,0,RUNNING
2026-08-18 11:17:51,M6,Packaging,45.3,0.49,844,1,0,RUNNING
2026-08-18 11:17:53,M6,Packaging,46.53,0.55,830,1,0,RUNNING
2026-08-18 11:17:55,M3,Grinding & Honing,58.78,1.42,955,1,0,RUNNING
2026-08-18 11:17:57,M5,Quality Inspection,43.15,0.15,500,1,0,RUNNING
2026-08-18 11:18:00,M1,Turning,60.95,3.93,817,1,2,WARNING
2026-08-18 11:18:02,M2,Heat Treatment,74.95,0.34,0,1,0,RUNNING
2026-08-18 11:18:04,M2,Heat Treatment,74.5,0.68,0,1,0,RUNNING
2026-08-18 11:18:06,M4,Assembly,63.11,0.58,684,1,0,RUNNING
2026-08-18 11:18:08,M4,Assembly,62.67,0.57,701,1,0,RUNNING
2026-08-18 11:18:11,M6,Packaging,47.87,0.31,860,1,0,RUNNING
2026-08-18 11:18:13,M5,Quality Inspection,45.06,0.2,491,1,0,RUNNING
2026-08-18 11:18:15,M2,Heat Treatment,70.18,0.66,0,1,0,RUNNING
2026-08-18 11:18:17,M5,Quality Inspection,47.17,0.45,502,1,0,RUNNING
2026-08-18 11:18:20,M2,Heat Treatment,72.23,0.4,0,1,0,RUNNING
2026-08-18 11:18:22,M4,Assembly,78.57,5.81,479,1,4,WARNING
2026-08-18 11:18:24,M3,Grinding & Honing,60.9,1.64,939,1,0,RUNNING
2026-08-18 11:18:26,M4,Assembly,82.69,5.6,307,1,3,WARNING
2026-08-18 11:18:29,M6,Packaging,46.77,0.31,870,1,0,RUNNING
2026-08-18 11:18:31,M4,Assembly,64.97,0.71,717,1,0,RUNNING
2026-08-18 11:18:33,M3,Grinding & Honing,59.3,1.74,948,1,0,RUNNING
2026-08-18 11:18:35,M6,Packaging,46.05,0.19,860,1,0,RUNNING
2026-08-18 11:18:37,M4,Assembly,84.75,5.14,332,1,2,WARNING
2026-08-18 11:18:40,M4,Assembly,62.18,0.74,720,1,0,RUNNING
2026-08-18 11:18:42,M2,Heat Treatment,70.26,0.58,0,1,0,RUNNING
2026-08-18 11:18:44,M2,Heat Treatment,71.08,0.37,0,1,0,RUNNING
2026-08-18 11:18:46,M5,Quality Inspection,43.15,0.25,480,1,0,RUNNING
2026-08-18 11:18:49,M1,Turning,41.67,0.79,1193,1,0,RUNNING
2026-08-18 11:18:51,M4,Assembly,61.88,0.72,708,1,0,RUNNING
2026-08-18 11:18:53,M1,Turning,42.2,0.8,1205,1,0,RUNNING
2026-08-18 11:18:55,M5,Quality Inspection,46.64,0.62,491,1,0,RUNNING
2026-08-18 11:18:57,M2,Heat Treatment,88.12,5.69,0,1,4,WARNING
2026-08-18 11:19:00,M3,Grinding & Honing,56.22,1.78,950,1,0,RUNNING
2026-08-18 11:19:02,M3,Grinding & Honing,74.26,6.53,717,1,4,WARNING
2026-08-18 11:19:04,M3,Grinding & Honing,56.13,1.73,943,1,0,RUNNING
2026-08-18 11:19:06,M6,Packaging,46.09,0.39,843,1,0,RUNNING
2026-08-18 11:19:09,M4,Assembly,60.08,0.51,695,1,0,RUNNING
2026-08-18 11:19:11,M2,Heat Treatment,73.18,0.59,0,1,0,RUNNING
2026-08-18 11:19:13,M2,Heat Treatment,71.65,0.27,0,1,0,RUNNING
2026-08-18 11:19:15,M1,Turning,43.08,1.05,1208,1,0,RUNNING
2026-08-18 11:19:17,M6,Packaging,61.13,5.66,475,1,1,WARNING
2026-08-18 11:19:20,M2,Heat Treatment,70.86,0.54,0,1,0,RUNNING
2026-08-18 11:19:22,M4,Assembly,61.39,0.57,718,1,0,RUNNING
2026-08-18 11:19:24,M1,Turning,57.11,4.58,982,1,2,WARNING
2026-08-18 11:19:26,M5,Quality Inspection,45.7,0.47,510,1,0,RUNNING
2026-08-18 11:19:29,M6,Packaging,69.91,5.76,650,1,1,WARNING
2026-08-18 11:19:31,M3,Grinding & Honing,80.69,6.77,600,1,1,WARNING
2026-08-18 11:19:33,M6,Packaging,43.19,0.33,837,1,0,RUNNING
2026-08-18 11:19:35,M6,Packaging,47.38,0.18,856,1,0,RUNNING
2026-08-18 11:19:38,M3,Grinding & Honing,57.61,1.75,930,1,0,RUNNING
2026-08-18 11:19:40,M5,Quality Inspection,47.12,0.2,491,1,0,RUNNING
2026-08-18 11:19:42,M2,Heat Treatment,74.85,0.62,0,1,0,RUNNING
2026-08-18 11:19:44,M4,Assembly,60.89,0.42,716,1,0,RUNNING
2026-08-18 11:19:47,M2,Heat Treatment,73.74,0.7,0,1,0,RUNNING
2026-08-18 11:19:49,M1,Turning,42.89,0.89,1218,1,0,RUNNING
2026-08-18 11:19:51,M3,Grinding & Honing,59.75,1.84,939,1,0,RUNNING
2026-08-18 11:19:53,M2,Heat Treatment,72.46,0.37,0,1,0,RUNNING
2026-08-18 11:19:56,M6,Packaging,47.04,0.47,841,1,0,RUNNING
2026-08-18 11:19:58,M5,Quality Inspection,44.79,0.6,498,1,0,RUNNING
2026-08-18 11:20:00,M3,Grinding & Honing,59.24,1.73,948,1,0,RUNNING
2026-08-18 11:20:02,M2,Heat Treatment,71.84,0.46,0,1,0,RUNNING
2026-08-18 11:20:04,M5,Quality Inspection,43.99,0.51,516,1,0,RUNNING
2026-08-18 11:20:07,M3,Grinding & Honing,57.58,1.72,964,1,0,RUNNING
2026-08-18 11:20:09,M4,Assembly,61.41,0.47,699,1,0,RUNNING
2026-08-18 11:20:11,M2,Heat Treatment,71.46,0.52,0,1,0,RUNNING
2026-08-18 11:20:13,M6,Packaging,46.3,0.27,861,1,0,RUNNING
2026-08-18 11:20:15,M4,Assembly,82.73,5.84,357,1,3,WARNING
2026-08-18 11:20:18,M4,Assembly,63.13,0.83,717,1,0,RUNNING
2026-08-18 11:20:20,M3,Grinding & Honing,58.77,1.83,965,1,0,RUNNING
2026-08-18 11:20:22,M6,Packaging,44.6,0.4,840,1,0,RUNNING
2026-08-18 11:20:24,M2,Heat Treatment,74.7,0.32,0,1,0,RUNNING
2026-08-18 11:20:26,M6,Packaging,68.39,6.02,586,1,2,WARNING
2026-08-18 11:20:29,M1,Turning,64.46,5.28,945,1,3,WARNING
2026-08-18 11:20:31,M6,Packaging,43.17,0.56,830,1,0,RUNNING
2026-08-18 11:20:33,M6,Packaging,43.86,0.52,868,1,0,RUNNING
2026-08-18 11:20:35,M2,Heat Treatment,73.89,0.66,0,1,0,RUNNING
2026-08-18 11:20:38,M6,Packaging,46.64,0.47,852,1,0,RUNNING
2026-08-18 11:20:40,M5,Quality Inspection,47.64,0.19,489,1,0,RUNNING
2026-08-18 11:20:42,M3,Grinding & Honing,60.51,1.38,943,1,0,RUNNING
2026-08-18 11:20:44,M3,Grinding & Honing,59.5,1.46,953,1,0,RUNNING
2026-08-18 11:20:46,M2,Heat Treatment,71.41,0.51,0,1,0,RUNNING
2026-08-18 11:20:49,M2,Heat Treatment,70.45,0.54,0,1,0,RUNNING
2026-08-18 11:20:51,M6,Packaging,46.44,0.63,837,1,0,RUNNING
2026-08-18 11:20:53,M3,Grinding & Honing,77.1,4.54,673,1,1,WARNING
2026-08-18 11:20:55,M5,Quality Inspection,44.91,0.27,519,1,0,RUNNING
2026-08-18 11:20:57,M6,Packaging,45.36,0.19,856,1,0,RUNNING
2026-08-18 11:21:00,M5,Quality Inspection,44.12,0.44,495,1,0,RUNNING
2026-08-18 11:21:02,M6,Packaging,44.28,0.5,837,1,0,RUNNING
2026-08-18 11:21:04,M5,Quality Inspection,47.3,0.36,490,1,0,RUNNING
2026-08-18 11:21:06,M4,Assembly,62.12,0.43,698,1,0,RUNNING
2026-08-18 11:21:08,M5,Quality Inspection,44.49,0.31,514,1,0,RUNNING
2026-08-18 11:21:11,M4,Assembly,78.22,4.15,340,1,3,WARNING
2026-08-18 11:21:13,M5,Quality Inspection,46.51,0.41,496,1,0,RUNNING
2026-08-18 11:21:15,M2,Heat Treatment,88.51,3.74,0,1,2,WARNING
2026-08-18 11:21:17,M3,Grinding & Honing,78.86,5.67,741,1,4,WARNING
2026-08-18 11:21:19,M5,Quality Inspection,47.6,0.54,514,1,0,RUNNING
2026-08-18 11:21:22,M5,Quality Inspection,47.45,0.35,514,1,0,RUNNING
2026-08-18 11:21:24,M2,Heat Treatment,70.33,0.44,0,1,0,RUNNING
2026-08-18 11:21:26,M6,Packaging,45.63,0.42,850,1,0,RUNNING
2026-08-18 11:21:28,M5,Quality Inspection,64.85,4.39,197,1,3,WARNING
2026-08-18 11:21:31,M5,Quality Inspection,43.96,0.36,497,1,0,RUNNING
2026-08-18 11:21:33,M1,Turning,44.46,0.73,1220,1,0,RUNNING
2026-08-18 11:21:35,M6,Packaging,46.66,0.3,866,1,0,RUNNING
2026-08-18 11:21:37,M3,Grinding & Honing,59.03,1.75,947,1,0,RUNNING
2026-08-18 11:21:39,M1,Turning,43.44,0.95,1202,1,0,RUNNING
2026-08-18 11:21:42,M6,Packaging,65.09,3.66,569,1,1,WARNING
2026-08-18 11:21:44,M5,Quality Inspection,65.79,5.3,124,1,4,WARNING
2026-08-18 11:21:46,M1,Turning,43.09,0.98,1214,1,0,RUNNING
2026-08-18 11:21:48,M4,Assembly,60.56,0.39,718,1,0,RUNNING
2026-08-18 11:21:51,M4,Assembly,63.72,0.61,711,1,0,RUNNING
2026-08-18 11:21:53,M2,Heat Treatment,92.89,3.85,0,1,2,WARNING
2026-08-18 11:21:55,M3,Grinding & Honing,58.9,1.74,953,1,0,RUNNING
2026-08-18 11:21:57,M6,Packaging,47.31,0.44,863,1,0,RUNNING
2026-08-18 11:21:59,M4,Assembly,60.16,0.48,685,1,0,RUNNING
2026-08-18 11:22:02,M3,Grinding & Honing,60.29,1.77,956,1,0,RUNNING
2026-08-18 11:22:04,M6,Packaging,45.3,0.24,840,1,0,RUNNING
2026-08-18 11:22:06,M2,Heat Treatment,73.87,0.54,0,1,0,RUNNING
2026-08-18 11:22:08,M5,Quality Inspection,46.81,0.4,514,1,0,RUNNING
2026-08-18 11:22:11,M5,Quality Inspection,60.34,3.91,114,1,2,WARNING
2026-08-18 11:22:13,M2,Heat Treatment,72.03,0.67,0,1,0,RUNNING
2026-08-18 11:22:15,M4,Assembly,62.07,0.72,719,1,0,RUNNING
2026-08-18 11:22:17,M5,Quality Inspection,46.35,0.22,507,1,0,RUNNING
2026-08-18 11:22:20,M6,Packaging,43.78,0.41,840,1,0,RUNNING
2026-08-18 11:22:22,M4,Assembly,85.17,3.87,462,1,4,WARNING
2026-08-18 11:22:24,M1,Turning,40.01,0.78,1204,1,0,RUNNING
2026-08-18 11:22:26,M2,Heat Treatment,74.9,0.29,0,1,0,RUNNING
2026-08-18 11:22:29,M2,Heat Treatment,72.63,0.45,0,1,0,RUNNING
2026-08-18 11:22:31,M6,Packaging,66.77,5.9,558,1,3,WARNING
2026-08-18 11:22:33,M4,Assembly,63.95,0.72,695,1,0,RUNNING
2026-08-18 11:22:36,M3,Grinding & Honing,58.33,1.68,934,1,0,RUNNING
2026-08-18 11:22:38,M6,Packaging,47.97,0.52,861,1,0,RUNNING
2026-08-18 11:22:40,M3,Grinding & Honing,57.23,1.38,941,1,0,RUNNING
2026-08-18 11:22:42,M1,Turning,41.4,0.7,1185,1,0,RUNNING
2026-08-18 11:22:45,M1,Turning,61.55,3.97,986,1,2,WARNING
2026-08-18 11:22:47,M4,Assembly,60.15,0.58,706,1,0,RUNNING
2026-08-18 11:22:49,M6,Packaging,47.21,0.52,868,1,0,RUNNING
2026-08-18 11:22:51,M2,Heat Treatment,73.97,0.3,0,1,0,RUNNING
2026-08-18 11:22:54,M2,Heat Treatment,74.67,0.42,0,1,0,RUNNING
2026-08-18 11:22:56,M1,Turning,40.88,0.94,1196,1,0,RUNNING
2026-08-18 11:22:58,M1,Turning,41.8,0.71,1211,1,0,RUNNING
2026-08-18 11:23:00,M1,Turning,60.7,6.43,868,1,2,WARNING
2026-08-18 11:23:02,M4,Assembly,60.45,0.76,712,1,0,RUNNING
2026-08-18 11:23:05,M5,Quality Inspection,45.14,0.55,497,1,0,RUNNING
2026-08-18 11:23:07,M4,Assembly,85.99,4.35,468,1,1,WARNING
2026-08-18 11:23:09,M3,Grinding & Honing,57.56,1.7,961,1,0,RUNNING
2026-08-18 11:23:11,M3,Grinding & Honing,58.46,1.54,948,1,0,RUNNING
2026-08-18 11:23:14,M1,Turning,43.29,0.73,1214,1,0,RUNNING
2026-08-18 11:23:16,M1,Turning,43.38,0.74,1200,1,0,RUNNING
2026-08-18 11:23:18,M4,Assembly,64.69,0.83,701,1,0,RUNNING
2026-08-18 11:23:20,M1,Turning,43.8,1.04,1196,1,0,RUNNING
2026-08-18 11:23:23,M3,Grinding & Honing,57.05,1.5,936,1,0,RUNNING
2026-08-18 11:23:25,M6,Packaging,43.07,0.48,861,1,0,RUNNING
2026-08-18 11:23:27,M3,Grinding & Honing,57.98,1.55,952,1,0,RUNNING
2026-08-18 11:23:29,M1,Turning,62.3,3.89,899,1,4,WARNING
2026-08-18 11:23:32,M2,Heat Treatment,93.96,5.07,0,1,3,WARNING
2026-08-18 11:23:34,M5,Quality Inspection,47.57,0.43,502,1,0,RUNNING
2026-08-18 11:23:36,M1,Turning,42.38,0.68,1204,1,0,RUNNING
2026-08-18 11:23:38,M1,Turning,61.44,5.55,873,1,3,WARNING
2026-08-18 11:23:40,M6,Packaging,63.83,5.74,553,1,2,WARNING
2026-08-18 11:23:43,M5,Quality Inspection,44.1,0.23,501,1,0,RUNNING
2026-08-18 11:23:45,M5,Quality Inspection,46.68,0.51,517,1,0,RUNNING
2026-08-18 11:23:47,M4,Assembly,62.11,0.67,686,1,0,RUNNING
2026-08-18 11:23:49,M1,Turning,41.33,0.98,1212,1,0,RUNNING
2026-08-18 11:23:52,M4,Assembly,63.41,0.67,680,1,0,RUNNING
2026-08-18 11:23:54,M3,Grinding & Honing,56.59,1.71,957,1,0,RUNNING
2026-08-18 11:23:56,M3,Grinding & Honing,57.91,1.44,945,1,0,RUNNING
2026-08-18 11:23:58,M1,Turning,44.69,1.13,1202,1,0,RUNNING
2026-08-18 11:24:01,M1,Turning,40.57,0.68,1189,1,0,RUNNING
2026-08-18 11:24:03,M1,Turning,44.96,0.98,1195,1,0,RUNNING
2026-08-18 11:24:05,M4,Assembly,62.02,0.37,700,1,0,RUNNING
2026-08-18 11:24:07,M1,Turning,40.99,0.91,1181,1,0,RUNNING
2026-08-18 11:24:10,M3,Grinding & Honing,56.19,1.46,960,1,0,RUNNING
2026-08-18 11:24:12,M1,Turning,41.2,0.76,1209,1,0,RUNNING
2026-08-18 11:24:14,M1,Turning,42.99,0.82,1197,1,0,RUNNING
